{"stat.chestOpened":1,"stat.useItem.minecraft.bow":155,"stat.leaveGame":35,"stat.killEntity.Slime":75,"stat.useItem.minecraft.diamond_axe":27,"stat.useItem.minecraft.diamond_sword":215,"stat.jump":4302,"stat.pickup.minecraft.gunpowder":2,"stat.pickup.minecraft.porkchop":3,"stat.crouchOneCm":47421,"stat.useItem.minecraft.dirt":1,"stat.useItem.minecraft.stone_slab2":331454,"stat.killEntity.Donkey":3,"stat.pickup.minecraft.leather":7,"stat.pickup.minecraft.feather":3,"stat.dispenserInspected":1,"stat.killEntity.Enderman":2,"stat.flyOneCm":18273696,"stat.killEntity.Witch":3,"stat.killEntity.Villager":8,"stat.damageDealt":78379,"stat.timeSinceDeath":4239984,"stat.killEntity.Cow":4,"stat.killEntity.Pig":5,"stat.pickup.minecraft.mutton":2,"stat.walkOneCm":3903359,"stat.pickup.minecraft.stonebrick":2,"stat.killEntity.ZombieVillager":1,"stat.killEntity.Creeper":23,"stat.drop.minecraft.stonebrick":2,"stat.pickup.minecraft.beef":6,"stat.pickup.minecraft.chicken":2,"stat.sprintOneCm":284344,"stat.killEntity.Skeleton":36,"stat.killEntity.Horse":5,"stat.killEntity.Chicken":13,"stat.killEntity.Spider":29,"stat.mobKills":241,"stat.useItem.minecraft.stonebrick":326,"stat.drop":2,"stat.pickup.minecraft.egg":1,"stat.playOneMinute":4239984,"stat.killEntity.Sheep":1,"stat.sneakTime":108072,"stat.pickup.minecraft.slime_ball":9,"stat.pickup.minecraft.wool":1,"stat.killEntity.Zombie":28,"stat.useItem.minecraft.wooden_axe":16}